Fname1,Lname1,00378,,
Fname2,Lname2,00821,,
Fname3,Lname3,01924,,
Fname4,Lname4,02218,,
Fname5,Lname5,02251,,
Fname6,Lname6,02794,,
Fname7,Lname7,03072,,
Fname8,Lname8,03127,,
Fname9,Lname9,03198,,
Fname10,Lname10,03345,,
Fname11,Lname11,03795,,
Fname12,Lname12,04829,,
Fname13,Lname13,05052,,
Fname14,Lname14,05122,,
Fname15,Lname15,05849,,
Fname16,Lname16,06266,,
Fname17,Lname17,06629,,
Fname18,Lname18,06871,,
Fname19,Lname19,06873,,
Fname20,Lname20,08509,,
Fname21,Lname21,08694,,
Fname22,Lname22,09127,,
Fname23,Lname23,09345,,
Fname24,Lname24,09360,,
Fname25,Lname25,09675,,
Fname26,Lname26,09736,,
Fname27,Lname27,09780,,
Fname28,Lname28,10013,,
Fname29,Lname29,10917,,
Fname30,Lname30,11231,,
Fname31,Lname31,11235,,
Fname32,Lname32,11867,,
Fname33,Lname33,11892,,
Fname34,Lname34,12247,,
Fname35,Lname35,12342,,
Fname36,Lname36,12497,,
Fname37,Lname37,12761,,
Fname38,Lname38,13220,,
Fname39,Lname39,13806,,
Fname40,Lname40,13897,,
Fname41,Lname41,13946,,
Fname42,Lname42,15007,,
Fname43,Lname43,15554,,
Fname44,Lname44,16160,,
Fname45,Lname45,16164,,
Fname46,Lname46,16394,,
Fname47,Lname47,16460,,
Fname48,Lname48,16590,,
Fname49,Lname49,17053,,
Fname50,Lname50,17067,,
Fname51,Lname51,18918,,
Fname52,Lname52,19828,,
Fname53,Lname53,19886,,
Fname54,Lname54,21286,,
Fname55,Lname55,21764,,
Fname56,Lname56,22557,,
Fname57,Lname57,22714,,
Fname58,Lname58,23091,,
Fname59,Lname59,23255,,
Fname60,Lname60,26186,,
Fname61,Lname61,26262,,
Fname62,Lname62,26456,,
Fname63,Lname63,26838,,
Fname64,Lname64,27612,,
Fname65,Lname65,27813,,
Fname66,Lname66,28230,,
Fname67,Lname67,28419,,
Fname68,Lname68,28550,,
Fname69,Lname69,28764,,
Fname70,Lname70,29246,,
Fname71,Lname71,29592,,
Fname72,Lname72,29696,,
Fname73,Lname73,30418,,
Fname74,Lname74,30904,,
Fname75,Lname75,33164,,
Fname76,Lname76,35357,,
Fname77,Lname77,36290,,
Fname78,Lname78,36899,,
Fname79,Lname79,37403,,
Fname80,Lname80,37594,,
Fname81,Lname81,37602,,
Fname82,Lname82,39513,,
Fname83,Lname83,40633,,
Fname84,Lname84,41074,,
Fname85,Lname85,41094,,
Fname86,Lname86,41367,,
Fname87,Lname87,41610,,
Fname88,Lname88,43928,,
Fname89,Lname89,44281,,
Fname90,Lname90,44727,,
Fname91,Lname91,45217,,
Fname92,Lname92,45895,,
Fname93,Lname93,46995,,
Fname94,Lname94,49478,,
Fname95,Lname95,50053,,
Fname96,Lname96,50646,,
Fname97,Lname97,51585,,
Fname98,Lname98,53465,,
Fname99,Lname99,53503,,
Fname100,Lname100,53614,,
Fname101,Lname101,54366,,
Fname102,Lname102,54451,,
Fname103,Lname103,54873,,
Fname104,Lname104,55274,,
Fname105,Lname105,55364,,
Fname106,Lname106,55625,,
Fname107,Lname107,56143,,
Fname108,Lname108,57383,,
Fname109,Lname109,57933,,
Fname110,Lname110,58288,,
Fname111,Lname111,58853,,
Fname112,Lname112,59041,,
Fname113,Lname113,60434,,
Fname114,Lname114,60595,,
Fname115,Lname115,61100,,
Fname116,Lname116,61272,,
Fname117,Lname117,61855,,
Fname118,Lname118,61894,,
Fname119,Lname119,62410,,
Fname120,Lname120,62417,,
Fname121,Lname121,62930,,
Fname122,Lname122,62962,,
Fname123,Lname123,62973,,
Fname124,Lname124,63684,,
Fname125,Lname125,64579,,
Fname126,Lname126,64758,,
Fname127,Lname127,65441,,
Fname128,Lname128,65689,,
Fname129,Lname129,66500,,
Fname130,Lname130,67444,,
Fname131,Lname131,67684,,
Fname132,Lname132,67709,,
Fname133,Lname133,69423,,
Fname134,Lname134,69831,,
Fname135,Lname135,70509,,
Fname136,Lname136,72406,,
Fname137,Lname137,73432,,
Fname138,Lname138,73580,,
Fname139,Lname139,74915,,
Fname140,Lname140,74964,,
Fname141,Lname141,75135,,
Fname142,Lname142,75158,,
Fname143,Lname143,75607,,
Fname144,Lname144,76275,,
Fname145,Lname145,77162,,
Fname146,Lname146,77676,,
Fname147,Lname147,78257,,
Fname148,Lname148,78438,,
Fname149,Lname149,78574,,
Fname150,Lname150,78624,,
Fname151,Lname151,79461,,
Fname152,Lname152,79483,,
Fname153,Lname153,79738,,
Fname154,Lname154,80865,,
Fname155,Lname155,81193,,
Fname156,Lname156,81579,,
Fname157,Lname157,82205,,
Fname158,Lname158,82302,,
Fname159,Lname159,82559,,
Fname160,Lname160,83833,,
Fname161,Lname161,84804,,
Fname162,Lname162,85611,,
Fname163,Lname163,86665,,
Fname164,Lname164,87017,,
Fname165,Lname165,87236,,
Fname166,Lname166,87279,,
Fname167,Lname167,87738,,
Fname168,Lname168,88089,,
Fname169,Lname169,88153,,
Fname170,Lname170,88348,,
Fname171,Lname171,88614,,
Fname172,Lname172,88865,,
Fname173,Lname173,89254,,
Fname174,Lname174,90130,,
Fname175,Lname175,90628,,
Fname176,Lname176,90818,,
Fname177,Lname177,92291,,
Fname178,Lname178,92302,,
Fname179,Lname179,92810,,
Fname180,Lname180,92844,,
Fname181,Lname181,93510,,
Fname182,Lname182,94059,,
Fname183,Lname183,94353,,
Fname184,Lname184,94542,,
Fname185,Lname185,94546,,
Fname186,Lname186,94672,,
Fname187,Lname187,94982,,
Fname188,Lname188,95175,,
Fname189,Lname189,95308,,
Fname190,Lname190,95756,,
Fname191,Lname191,95840,,
Fname192,Lname192,97936,,
Fname193,Lname193,98593,,
Fname194,Lname194,99383,,
